{
  "backprop" : true,
  "backpropType" : "Standard",
  "cacheMode" : "NONE",
  "confs" : [ {
    "cacheMode" : "NONE",
    "epochCount" : 0,
    "iterationCount" : 0,
    "layer" : {
      "@class" : "org.deeplearning4j.nn.conf.layers.ConvolutionLayer",
      "activationFn" : {
        "@class" : "org.nd4j.linalg.activations.impl.ActivationReLU"
      },
      "biasInit" : 0.0,
      "biasUpdater" : null,
      "constraints" : null,
      "convolutionMode" : "Truncate",
      "cudnnAlgoMode" : "PREFER_FASTEST",
      "cudnnAllowFallback" : true,
      "cudnnBwdDataAlgo" : null,
      "cudnnBwdFilterAlgo" : null,
      "cudnnFwdAlgo" : null,
      "dilation" : [ 1, 1 ],
      "dist" : {
        "type" : "org.deeplearning4j.nn.conf.distribution.NormalDistribution",
        "mean" : 0.0,
        "std" : 0.01
      },
      "gradientNormalization" : "RenormalizeL2PerLayer",
      "gradientNormalizationThreshold" : 1.0,
      "hasBias" : true,
      "idropout" : null,
      "iupdater" : {
        "@class" : "org.nd4j.linalg.learning.config.Nesterovs",
        "learningRate" : 0.006,
        "momentum" : 0.9
      },
      "kernelSize" : [ 5, 5 ],
      "l1" : 0.0,
      "l1Bias" : 0.0,
      "l2" : 1.0E-4,
      "l2Bias" : 0.0,
      "layerName" : "First convolution layer",
      "nin" : 1,
      "nout" : 50,
      "padding" : [ 2, 2 ],
      "pretrain" : false,
      "stride" : [ 1, 1 ],
      "weightInit" : "DISTRIBUTION",
      "weightNoise" : null
    },
    "maxNumLineSearchIterations" : 5,
    "miniBatch" : false,
    "minimize" : true,
    "optimizationAlgo" : "STOCHASTIC_GRADIENT_DESCENT",
    "pretrain" : false,
    "seed" : 12345,
    "stepFunction" : null,
    "variables" : [ "W", "b" ]
  }, {
    "cacheMode" : "NONE",
    "epochCount" : 0,
    "iterationCount" : 0,
    "layer" : {
      "@class" : "org.deeplearning4j.nn.conf.layers.LocalResponseNormalization",
      "alpha" : 1.0E-4,
      "beta" : 0.75,
      "constraints" : null,
      "gradientNormalization" : "None",
      "gradientNormalizationThreshold" : 0.0,
      "idropout" : null,
      "k" : 2.0,
      "layerName" : "lrn1",
      "n" : 5.0,
      "pretrain" : false
    },
    "maxNumLineSearchIterations" : 5,
    "miniBatch" : false,
    "minimize" : true,
    "optimizationAlgo" : "STOCHASTIC_GRADIENT_DESCENT",
    "pretrain" : false,
    "seed" : 12345,
    "stepFunction" : null,
    "variables" : [ ]
  }, {
    "cacheMode" : "NONE",
    "epochCount" : 0,
    "iterationCount" : 0,
    "layer" : {
      "@class" : "org.deeplearning4j.nn.conf.layers.SubsamplingLayer",
      "constraints" : null,
      "convolutionMode" : "Truncate",
      "cudnnAllowFallback" : true,
      "dilation" : [ 1, 1 ],
      "eps" : 1.0E-8,
      "gradientNormalization" : "None",
      "gradientNormalizationThreshold" : 0.0,
      "idropout" : null,
      "kernelSize" : [ 3, 3 ],
      "layerName" : "First subsampling layer",
      "padding" : [ 0, 0 ],
      "pnorm" : 0,
      "poolingType" : "MAX",
      "pretrain" : false,
      "stride" : [ 2, 2 ]
    },
    "maxNumLineSearchIterations" : 5,
    "miniBatch" : false,
    "minimize" : true,
    "optimizationAlgo" : "STOCHASTIC_GRADIENT_DESCENT",
    "pretrain" : false,
    "seed" : 12345,
    "stepFunction" : null,
    "variables" : [ ]
  }, {
    "cacheMode" : "NONE",
    "epochCount" : 0,
    "iterationCount" : 0,
    "layer" : {
      "@class" : "org.deeplearning4j.nn.conf.layers.ConvolutionLayer",
      "activationFn" : {
        "@class" : "org.nd4j.linalg.activations.impl.ActivationReLU"
      },
      "biasInit" : 1.0,
      "biasUpdater" : null,
      "constraints" : null,
      "convolutionMode" : "Truncate",
      "cudnnAlgoMode" : "PREFER_FASTEST",
      "cudnnAllowFallback" : true,
      "cudnnBwdDataAlgo" : null,
      "cudnnBwdFilterAlgo" : null,
      "cudnnFwdAlgo" : null,
      "dilation" : [ 1, 1 ],
      "dist" : {
        "type" : "org.deeplearning4j.nn.conf.distribution.NormalDistribution",
        "mean" : 0.0,
        "std" : 0.01
      },
      "gradientNormalization" : "RenormalizeL2PerLayer",
      "gradientNormalizationThreshold" : 1.0,
      "hasBias" : true,
      "idropout" : null,
      "iupdater" : {
        "@class" : "org.nd4j.linalg.learning.config.Nesterovs",
        "learningRate" : 0.006,
        "momentum" : 0.9
      },
      "kernelSize" : [ 5, 5 ],
      "l1" : 0.0,
      "l1Bias" : 0.0,
      "l2" : 1.0E-4,
      "l2Bias" : 0.0,
      "layerName" : "Second convolution layer",
      "nin" : 50,
      "nout" : 70,
      "padding" : [ 2, 2 ],
      "pretrain" : false,
      "stride" : [ 1, 1 ],
      "weightInit" : "DISTRIBUTION",
      "weightNoise" : null
    },
    "maxNumLineSearchIterations" : 5,
    "miniBatch" : false,
    "minimize" : true,
    "optimizationAlgo" : "STOCHASTIC_GRADIENT_DESCENT",
    "pretrain" : false,
    "seed" : 12345,
    "stepFunction" : null,
    "variables" : [ "W", "b" ]
  }, {
    "cacheMode" : "NONE",
    "epochCount" : 0,
    "iterationCount" : 0,
    "layer" : {
      "@class" : "org.deeplearning4j.nn.conf.layers.LocalResponseNormalization",
      "alpha" : 1.0E-4,
      "beta" : 0.75,
      "constraints" : null,
      "gradientNormalization" : "None",
      "gradientNormalizationThreshold" : 0.0,
      "idropout" : null,
      "k" : 2.0,
      "layerName" : "lrn2",
      "n" : 5.0,
      "pretrain" : false
    },
    "maxNumLineSearchIterations" : 5,
    "miniBatch" : false,
    "minimize" : true,
    "optimizationAlgo" : "STOCHASTIC_GRADIENT_DESCENT",
    "pretrain" : false,
    "seed" : 12345,
    "stepFunction" : null,
    "variables" : [ ]
  }, {
    "cacheMode" : "NONE",
    "epochCount" : 0,
    "iterationCount" : 0,
    "layer" : {
      "@class" : "org.deeplearning4j.nn.conf.layers.SubsamplingLayer",
      "constraints" : null,
      "convolutionMode" : "Truncate",
      "cudnnAllowFallback" : true,
      "dilation" : [ 1, 1 ],
      "eps" : 1.0E-8,
      "gradientNormalization" : "None",
      "gradientNormalizationThreshold" : 0.0,
      "idropout" : null,
      "kernelSize" : [ 3, 3 ],
      "layerName" : "Second subsampling layer",
      "padding" : [ 0, 0 ],
      "pnorm" : 0,
      "poolingType" : "MAX",
      "pretrain" : false,
      "stride" : [ 2, 2 ]
    },
    "maxNumLineSearchIterations" : 5,
    "miniBatch" : false,
    "minimize" : true,
    "optimizationAlgo" : "STOCHASTIC_GRADIENT_DESCENT",
    "pretrain" : false,
    "seed" : 12345,
    "stepFunction" : null,
    "variables" : [ ]
  }, {
    "cacheMode" : "NONE",
    "epochCount" : 0,
    "iterationCount" : 0,
    "layer" : {
      "@class" : "org.deeplearning4j.nn.conf.layers.ConvolutionLayer",
      "activationFn" : {
        "@class" : "org.nd4j.linalg.activations.impl.ActivationReLU"
      },
      "biasInit" : 1.0,
      "biasUpdater" : null,
      "constraints" : null,
      "convolutionMode" : "Truncate",
      "cudnnAlgoMode" : "PREFER_FASTEST",
      "cudnnAllowFallback" : true,
      "cudnnBwdDataAlgo" : null,
      "cudnnBwdFilterAlgo" : null,
      "cudnnFwdAlgo" : null,
      "dilation" : [ 1, 1 ],
      "dist" : {
        "type" : "org.deeplearning4j.nn.conf.distribution.NormalDistribution",
        "mean" : 0.0,
        "std" : 0.01
      },
      "gradientNormalization" : "RenormalizeL2PerLayer",
      "gradientNormalizationThreshold" : 1.0,
      "hasBias" : true,
      "idropout" : null,
      "iupdater" : {
        "@class" : "org.nd4j.linalg.learning.config.Nesterovs",
        "learningRate" : 0.006,
        "momentum" : 0.9
      },
      "kernelSize" : [ 3, 3 ],
      "l1" : 0.0,
      "l1Bias" : 0.0,
      "l2" : 1.0E-4,
      "l2Bias" : 0.0,
      "layerName" : "Third convolution layer",
      "nin" : 70,
      "nout" : 90,
      "padding" : [ 2, 2 ],
      "pretrain" : false,
      "stride" : [ 1, 1 ],
      "weightInit" : "DISTRIBUTION",
      "weightNoise" : null
    },
    "maxNumLineSearchIterations" : 5,
    "miniBatch" : false,
    "minimize" : true,
    "optimizationAlgo" : "STOCHASTIC_GRADIENT_DESCENT",
    "pretrain" : false,
    "seed" : 12345,
    "stepFunction" : null,
    "variables" : [ "W", "b" ]
  }, {
    "cacheMode" : "NONE",
    "epochCount" : 0,
    "iterationCount" : 0,
    "layer" : {
      "@class" : "org.deeplearning4j.nn.conf.layers.LocalResponseNormalization",
      "alpha" : 1.0E-4,
      "beta" : 0.75,
      "constraints" : null,
      "gradientNormalization" : "None",
      "gradientNormalizationThreshold" : 0.0,
      "idropout" : null,
      "k" : 2.0,
      "layerName" : "lrn3",
      "n" : 5.0,
      "pretrain" : false
    },
    "maxNumLineSearchIterations" : 5,
    "miniBatch" : false,
    "minimize" : true,
    "optimizationAlgo" : "STOCHASTIC_GRADIENT_DESCENT",
    "pretrain" : false,
    "seed" : 12345,
    "stepFunction" : null,
    "variables" : [ ]
  }, {
    "cacheMode" : "NONE",
    "epochCount" : 0,
    "iterationCount" : 0,
    "layer" : {
      "@class" : "org.deeplearning4j.nn.conf.layers.SubsamplingLayer",
      "constraints" : null,
      "convolutionMode" : "Truncate",
      "cudnnAllowFallback" : true,
      "dilation" : [ 1, 1 ],
      "eps" : 1.0E-8,
      "gradientNormalization" : "None",
      "gradientNormalizationThreshold" : 0.0,
      "idropout" : null,
      "kernelSize" : [ 3, 3 ],
      "layerName" : "Third subsampling layer",
      "padding" : [ 0, 0 ],
      "pnorm" : 0,
      "poolingType" : "MAX",
      "pretrain" : false,
      "stride" : [ 2, 2 ]
    },
    "maxNumLineSearchIterations" : 5,
    "miniBatch" : false,
    "minimize" : true,
    "optimizationAlgo" : "STOCHASTIC_GRADIENT_DESCENT",
    "pretrain" : false,
    "seed" : 12345,
    "stepFunction" : null,
    "variables" : [ ]
  }, {
    "cacheMode" : "NONE",
    "epochCount" : 0,
    "iterationCount" : 0,
    "layer" : {
      "@class" : "org.deeplearning4j.nn.conf.layers.DenseLayer",
      "activationFn" : {
        "@class" : "org.nd4j.linalg.activations.impl.ActivationReLU"
      },
      "biasInit" : 1.0,
      "biasUpdater" : null,
      "constraints" : null,
      "dist" : {
        "type" : "org.deeplearning4j.nn.conf.distribution.GaussianDistribution",
        "mean" : 0.0,
        "std" : 0.005
      },
      "gradientNormalization" : "RenormalizeL2PerLayer",
      "gradientNormalizationThreshold" : 1.0,
      "hasBias" : true,
      "idropout" : {
        "@class" : "org.deeplearning4j.nn.conf.dropout.Dropout",
        "p" : 0.5,
        "pschedule" : null
      },
      "iupdater" : {
        "@class" : "org.nd4j.linalg.learning.config.Nesterovs",
        "learningRate" : 0.006,
        "momentum" : 0.9
      },
      "l1" : 0.0,
      "l1Bias" : 0.0,
      "l2" : 1.0E-4,
      "l2Bias" : 0.0,
      "layerName" : "First DenseLayer",
      "nin" : 810,
      "nout" : 140,
      "pretrain" : false,
      "weightInit" : "DISTRIBUTION",
      "weightNoise" : null
    },
    "maxNumLineSearchIterations" : 5,
    "miniBatch" : false,
    "minimize" : true,
    "optimizationAlgo" : "STOCHASTIC_GRADIENT_DESCENT",
    "pretrain" : false,
    "seed" : 12345,
    "stepFunction" : null,
    "variables" : [ "W", "b" ]
  }, {
    "cacheMode" : "NONE",
    "epochCount" : 0,
    "iterationCount" : 0,
    "layer" : {
      "@class" : "org.deeplearning4j.nn.conf.layers.OutputLayer",
      "activationFn" : {
        "@class" : "org.nd4j.linalg.activations.impl.ActivationSoftmax"
      },
      "biasInit" : 0.0,
      "biasUpdater" : null,
      "constraints" : null,
      "dist" : {
        "type" : "org.deeplearning4j.nn.conf.distribution.NormalDistribution",
        "mean" : 0.0,
        "std" : 0.01
      },
      "gradientNormalization" : "RenormalizeL2PerLayer",
      "gradientNormalizationThreshold" : 1.0,
      "hasBias" : true,
      "idropout" : null,
      "iupdater" : {
        "@class" : "org.nd4j.linalg.learning.config.Nesterovs",
        "learningRate" : 0.006,
        "momentum" : 0.9
      },
      "l1" : 0.0,
      "l1Bias" : 0.0,
      "l2" : 1.0E-4,
      "l2Bias" : 0.0,
      "layerName" : "Output",
      "legacyBatchScaledL2" : false,
      "lossFn" : {
        "@class" : "org.nd4j.linalg.lossfunctions.impl.LossNegativeLogLikelihood",
        "configProperties" : false,
        "numOutputs" : -1,
        "softmaxClipEps" : 1.0E-10
      },
      "nin" : 140,
      "nout" : 2,
      "pretrain" : false,
      "weightInit" : "DISTRIBUTION",
      "weightNoise" : null
    },
    "maxNumLineSearchIterations" : 5,
    "miniBatch" : false,
    "minimize" : true,
    "optimizationAlgo" : "STOCHASTIC_GRADIENT_DESCENT",
    "pretrain" : false,
    "seed" : 12345,
    "stepFunction" : null,
    "variables" : [ "W", "b" ]
  } ],
  "epochCount" : 0,
  "inferenceWorkspaceMode" : "ENABLED",
  "inputPreProcessors" : {
    "9" : {
      "@class" : "org.deeplearning4j.nn.conf.preprocessor.CnnToFeedForwardPreProcessor",
      "inputHeight" : 3,
      "inputWidth" : 3,
      "numChannels" : 90
    }
  },
  "iterationCount" : 7350,
  "legacyBatchScaledL2" : false,
  "pretrain" : false,
  "tbpttBackLength" : 20,
  "tbpttFwdLength" : 20,
  "trainingWorkspaceMode" : "ENABLED"
}